temperature,humidity,solar_irradiance,wind_speed,solar_power_output
19.36350297,75.85293712,266.619636,5.190817851,128.1017721
33.76785766,62.88770931,587.7108526,4.791818776,290.9117886
28.29984855,44.7622093,885.6512523,0.256420658,442.3363902
24.9664621,85.10360158,759.0023978,3.412478276,380.2619882
13.90046601,74.7784938,825.9050331,3.801956188,415.9319528
13.89986301,33.00935515,692.90503,3.988227809,342.9737844
11.4520903,92.87417476,723.0489081,5.801723692,366.6497419
31.65440364,85.80297943,864.2760864,5.336025467,430.7249217
25.02787529,95.98399306,324.701208,6.079050928,161.1631656
27.70181444,78.05756067,540.4824673,7.648832615,266.9022452
10.51461236,69.07321567,299.0884976,8.129857387,136.6468194
34.2477463,53.4594429,988.9012072,7.181230762,501.0588792
30.81106602,94.61827867,949.6534057,9.55523696,478.7721624
15.30847777,89.28511116,135.4841302,0.182325827,63.43848471
14.54562418,23.61749361,735.0176553,1.957779857,368.5090249
14.58511275,22.10935796,932.7234857,0.07562875,469.3096081
17.60605607,50.11706935,262.5178106,6.474747142,123.9958776
23.11891079,84.84426646,611.1507075,8.980305489,302.7958292
20.79862547,98.98209035,923.9394678,2.434822966,463.5587799
17.2807285,32.03335129,130.5513807,9.270345448,60.98471762
25.29632237,67.53045723,727.6782405,0.602673903,364.5805541
13.48734652,50.47126853,367.6141066,9.344360268,177.7181876
17.30361621,97.59315183,931.9565758,3.516226872,465.8643872
19.15904608,87.36951385,973.9524206,1.014208284,484.5482735
21.40174961,87.06629638,949.8398402,4.858717592,465.6028647
29.62939903,57.49545278,526.792795,2.567765677,269.8218147
14.99184455,53.18556019,875.8383859,2.84872902,433.6558873
22.85586096,41.87256575,860.0944587,3.072899649,426.8025049
24.81036422,24.51003973,387.1904259,8.030258978,197.4596452
11.16126032,89.1777901,846.0239267,5.391612767,426.4907092
25.1886213,85.03208073,133.3068712,3.113076992,60.46420002
14.26310309,99.97741386,636.6428906,6.103337833,316.2779517
11.62628982,99.73094697,307.0079536,7.161506742,153.2564423
33.72213843,64.43453645,208.5101972,2.726240007,108.4163617
34.14080083,81.51899321,169.2578815,4.135491015,85.67637713
30.2099337,95.58125839,726.6598983,1.218860933,359.9805126
17.61534423,87.97179125,405.8874674,1.811493495,196.5310262
12.44180285,39.78784814,752.2900944,6.81117854,377.1927902
27.10582566,56.04353082,158.8207067,1.814383477,74.32094102
21.00381234,30.33275321,383.761304,5.251633837,178.9079699
13.05095587,96.32408218,585.5421631,7.090462617,292.8608646
22.37942275,68.49397076,811.6508484,1.068769231,409.372096
10.85971303,38.29142444,386.8772526,5.673122196,181.9299887
32.73301005,73.73605475,663.3022388,2.565627837,326.7020897
16.46949954,69.45025924,897.3799734,9.629268752,451.8860488
26.56305711,48.65301744,654.2768694,4.835456467,338.6166582
17.7927769,29.08460738,309.6635273,8.059925498,156.8727646
23.00170053,73.72585565,121.9607034,5.502265422,57.05466735
23.66775698,61.62461607,883.0889865,0.434125329,440.002381
14.62136139,81.78547134,119.1424698,6.331513756,65.0847823
34.23961569,61.61308009,887.2315054,9.514033422,442.6320461
29.37832058,88.17452003,576.0434206,6.016118201,283.75808
33.48747354,64.1525471,945.1609287,8.191888594,471.9462444
32.37068376,64.87503772,818.9049122,8.842064633,406.4475425
24.94749947,90.13228821,998.1406995,2.280797719,498.1279964
33.04685588,52.2786293,415.6406339,2.120448399,217.058553
12.21231255,30.72121828,790.46946,6.109809889,397.7572587
14.89957156,22.30261411,461.7378222,4.110284698,230.804027
11.13068222,80.41098045,531.8880583,8.398613029,263.2572146
18.13325827,69.62476411,664.7549169,9.000231234,324.6936383
19.71693224,76.32638145,886.3094028,3.534213793,446.4324672
16.78372579,37.03713292,985.6751223,2.36870559,492.7486322
30.71843773,30.90971805,791.4460725,7.805255152,397.9080456
18.91883317,21.16357325,475.990104,2.748060355,255.3439065
17.02336274,48.0470047,479.221302,8.226143185,242.0496302
23.56740208,67.19341495,763.8240714,4.237382536,377.9976264
13.52310562,51.37952361,314.8994312,6.675498993,155.4363618
30.05492452,54.99799376,199.4267018,0.955353138,105.9022428
11.86376609,92.33269556,419.1599419,6.238593247,207.9637835
34.67217342,47.86043736,358.5150925,4.517676787,174.0438872
29.30611923,61.11915913,366.6773084,5.866084632,188.9826698
14.96789204,82.69224102,310.2469759,1.680142077,149.4809731
10.13805293,51.72342259,137.8838707,7.368737449,78.20980587
30.38653571,69.76693602,116.0865413,8.627970775,64.71941188
27.6714336,88.9890967,988.9501508,2.167398001,490.989634
28.2251792,95.96164989,484.9958204,0.957145555,247.1188565
29.28175867,31.76587847,445.8939824,0.23638586,224.6734279
11.85111629,94.12701001,711.6825544,6.419715004,357.8678497
18.96164321,59.36930345,296.4284991,6.070940361,150.7798008
12.89672649,40.65955106,954.9650656,5.466974127,473.6008394
31.57758565,56.7308605,807.710513,2.319470961,401.4226171
25.58245317,98.40260602,180.4699021,3.909059959,93.80468214
18.27245062,59.40944752,475.8226982,5.944763352,236.2831978
11.58895876,46.30012882,891.2064768,4.967668589,443.4224192
17.77455804,70.67206835,950.2588201,9.877855202,470.5732206
18.12958305,39.2116495,520.6613601,1.364397526,262.5739307
28.24015446,26.06906625,652.0702503,6.95144554,339.258601
25.93893678,30.31037775,250.3305515,4.043187681,121.7146235
32.18031856,30.24366712,992.0517635,4.281996149,498.7092268
21.80537313,32.15221548,308.5045312,7.175977657,163.3214905
12.98985615,31.10617381,948.4585967,6.924361513,474.9596406
27.83111968,71.26997958,684.6819841,9.912559937,345.804976
29.01962622,34.55040675,646.9631154,1.283942895,319.6008209
24.03192994,47.65338267,561.4196599,1.041096494,283.0801086
29.2741795,91.74307279,307.6028305,7.243388171,152.6546359
22.34488991,57.91693122,258.8752288,5.78386917,134.8616806
23.06832073,73.40461908,298.4375882,2.741606666,154.3406468
20.68852546,33.7855897,267.7944359,0.79419369,147.383448
10.63547817,35.3831215,801.6260262,0.856582496,403.1768872
12.69728567,23.2694893,415.1127333,8.941908747,211.0799841
10.78572964,33.51480505,152.0584089,1.918673247,76.78769332
25.91026028,42.28722712,972.1923671,3.233715621,485.4537599
17.85889953,34.16083874,895.4072965,2.266564022,449.9272283
22.71426728,27.0962027,934.9770549,3.549963058,467.6381296
32.68916185,29.65086969,995.4170404,0.694238427,500.4760455
16.23230573,56.86230144,256.5057243,5.190597909,134.6590849
20.25957308,36.50669747,456.617817,0.676125636,223.6120432
28.88877846,49.14158888,782.4146281,8.003565078,398.9392183
15.71995414,60.27338167,726.4185562,2.337120819,368.820604
11.92449775,75.23158629,238.5063157,5.400119146,117.1737095
17.24378632,23.14497119,834.2498125,8.800790876,408.84292
14.03053218,83.95283191,301.9965147,6.50877369,146.4663138
33.24244131,70.23203116,301.4358533,5.329577866,158.0814575
30.20300949,26.54072256,583.2769806,3.243337531,293.8660823
25.83509391,89.88628993,633.6459414,3.330019131,310.5816582
31.78651475,93.66979204,622.0775871,6.694869552,308.3490547
30.09180192,24.88623679,182.3381537,9.941393612,99.12532404
14.66425147,42.15021185,889.7147764,6.618391898,448.273649
32.31397496,84.49610238,339.0400383,5.577834174,168.4475179
23.48355605,79.86077523,216.5634292,7.306505102,106.2642104
30.18600388,34.76168155,899.8732719,4.652056123,450.1887727
32.4022825,36.74794587,960.0863484,0.601423426,476.9542389
17.95008687,49.63776822,875.9148555,5.622968159,446.4720201
12.75129811,58.76183882,828.5644673,9.576252845,412.9229197
15.69837906,69.46038172,689.7177826,1.753029424,349.3921086
20.67769472,49.51309117,595.7716335,6.900048908,306.4645217
30.45036915,57.00277729,178.2880839,2.009336887,94.73236188
31.51826458,79.79767505,467.6078918,5.358276845,231.8794424
10.17380326,22.93465623,435.4196653,0.966764496,219.7924835
22.76868256,40.19495555,333.7784054,4.503709363,167.936087
20.43527508,77.06796687,751.0781023,7.561633289,370.7229977
15.55269526,91.61654701,546.2881616,3.475715242,272.4354624
12.99663418,60.93419537,172.9415943,6.649117245,80.1583753
18.44037929,62.56907882,298.1648818,7.954499608,155.3273217
33.5727426,28.57376091,714.9328873,9.271778195,358.926299
18.0800733,55.79298935,168.5177735,2.346420819,84.75232708
22.96976554,62.60938132,866.0862226,3.993159158,434.42469
27.57547397,39.39764029,545.6318743,1.524160133,272.6139097
19.09074006,41.53945848,532.5279196,9.924835022,271.0144969
34.29455207,50.18273305,633.1670062,9.270009679,316.9833053
34.06118237,21.60569582,842.2128693,5.399571303,428.8686689
16.2945574,45.76633325,413.0282871,8.420332944,200.8094508
22.43121265,36.91584056,710.2145373,5.209579773,357.1784117
17.52195775,46.19978817,609.1587676,6.23585688,314.9634065
17.12101236,29.58097055,340.3254432,0.891244321,165.5723665
10.92217368,91.24218246,890.7669877,7.552704205,440.0354181
25.23910835,67.48739628,817.6834194,1.277134836,410.816217
22.56697558,74.32818553,692.6066512,8.260676303,347.393658
11.28696878,83.13369909,865.5235562,7.820280877,433.0509967
16.96616161,59.87537591,880.5647809,7.087446977,442.8486628
32.70664715,26.95362305,737.526679,0.361603805,373.9322512
15.98904727,62.96852335,853.3119955,3.031283559,431.2612322
13.6223718,66.94728944,727.7243155,2.631125699,364.4523489
22.23631901,79.63515793,712.1266946,3.601364075,353.8192058
34.64126135,54.5327637,656.7502404,0.876427468,332.6507621
16.05138179,30.20642422,777.4449756,9.36957823,400.1906301
26.80338869,42.70207246,242.7445948,5.538022407,122.3619684
29.04049038,49.04658371,892.7836833,3.055243107,442.5819636
15.9409386,71.67337931,884.659175,3.969815171,446.6693788
28.20540872,65.66226437,126.3225547,4.472025405,62.99120428
19.19457832,48.48773807,843.2350755,6.005943334,411.4504496
25.80764576,98.9212199,215.9828807,5.156794277,110.8946112
25.83824277,68.46198555,401.6069688,9.193919732,199.1263524
23.3943671,38.97814334,769.1574307,4.969634829,385.5105054
12.25724425,28.14259781,244.6839064,9.921580148,125.8047654
30.88256239,32.22873113,836.1703217,8.514249577,422.2173289
18.01950162,39.67661827,848.9207602,2.085105144,428.2427794
14.66296276,32.85450986,556.7209604,9.305952146,277.8678096
11.01937854,34.92536192,105.7472845,1.163663979,55.02757382
24.77232358,42.8076135,358.3343199,8.174497085,179.8411776
26.93910905,33.86988762,655.2342265,3.806232935,333.0728288
10.41469572,91.74123397,983.0675602,8.779743204,492.820974
22.80232646,26.41869965,668.6321743,8.680566901,332.3343047
15.66239438,61.96091117,333.823223,8.059254001,172.4215667
26.12931976,52.83174616,670.6051328,7.900304363,334.1741547
14.35916073,98.59028935,585.9868417,3.046791391,294.1494697
27.27344345,28.96311217,801.8608556,0.809192831,404.2078917
19.66838366,51.82844792,196.2825749,4.029801788,107.5135822
33.41824972,97.55763466,784.9251123,1.73524515,390.1562185
13.4380236,89.24057007,587.1399208,6.949510889,290.0950525
18.52665878,85.36576568,966.6928035,3.460997265,481.5258808
12.83683803,40.63222616,407.6849494,9.756102009,203.5298687
33.11734046,33.67100699,669.3597038,6.409720773,341.5896893
31.93348383,73.49145759,938.825295,8.224805636,462.4948311
16.44854069,94.35007913,192.2587552,1.325246727,88.05336496
26.49960115,64.54103144,943.5056385,8.620144823,467.5607422
30.43055501,65.72901516,719.0971501,9.227571905,365.9022321
23.88002029,42.39832749,161.0533532,4.870619188,90.32195295
23.24126446,81.55943466,370.8672103,6.062529378,184.3700196
16.04630727,34.96349988,737.3548798,7.648098009,369.2194066
12.3275692,45.89433891,160.6155413,1.748386273,79.9457487
32.43039395,54.03491509,623.9534142,5.025660765,319.3325244
32.51045143,60.60883029,411.2947513,3.986630278,202.0285396
25.82753643,39.39277859,658.823966,1.463739922,331.5096906
18.47574478,29.18694598,141.1678304,3.675344223,76.58319939
18.73023937,68.8496034,884.3831255,0.681723094,443.263922
28.14889197,43.09044426,976.1400723,0.258119069,489.729935
32.4277565,66.49905771,971.9900698,1.351662892,491.1884207
32.17716061,32.34901722,774.6866486,9.631151116,377.3536582
29.49688865,58.49120815,217.0776161,5.495295359,113.0523722
26.05079115,62.6071546,782.4368763,9.658221612,389.3544255
12.10349912,24.14588295,122.1282248,4.324978783,52.77899944
14.04071785,46.92834226,119.9111964,3.118161331,62.19289812
32.46385471,30.75317416,391.2491972,5.061418628,205.2139018
25.16072649,25.06999764,539.7788714,4.395116886,271.3437893
10.22992629,99.19681859,793.366676,1.056646843,397.7221918
12.53678857,45.7883076,714.9658389,6.408263147,365.7902269
26.58754423,84.78995567,501.3124357,2.160381825,256.0821231
10.1265396,40.37125238,346.2639997,6.195879549,181.5650897
14.02020129,74.52021778,997.4120501,6.502010924,501.393074
23.71834473,80.81822879,483.563172,1.520248531,240.7937269
27.29737994,67.65109925,506.2483219,0.613496271,244.5842142
26.29903149,57.72609508,247.2614391,7.807615861,123.7055287
15.60673274,52.94727313,815.3285939,4.598004238,403.2809744
27.80448053,47.90946132,724.3140032,0.581637955,373.5130178
15.93122719,94.36233154,298.6926515,9.948663172,147.3316355
18.13499245,86.44955262,174.1429411,0.57780561,85.2940773
28.66228513,97.20215285,712.4493719,6.950352289,358.3783041
26.24082248,29.94377788,689.0600929,9.836789253,347.8423099
31.23058526,78.46939802,345.9335743,2.391801042,181.1199912
26.44032231,95.06723655,955.777206,1.422493687,472.9505253
24.20771508,34.49864529,235.9521026,1.213849394,119.8876977
12.3418692,25.31970139,489.1013209,3.032751476,241.4130597
19.19289508,79.28965194,949.2543282,1.01045811,466.1839501
16.63005919,65.95784905,477.7545852,6.921613417,235.5678833
16.09974108,87.34630214,674.6733529,0.622917981,334.5187351
34.32526387,31.18179013,457.8349582,5.094221281,229.6632491
19.82744312,83.62138495,346.7936821,9.966968539,169.7298049
32.30116388,36.1301856,985.5798832,8.139702695,488.8099019
25.77846565,33.09247543,468.4006057,6.152194382,235.9384366
29.87028259,33.14126383,904.6892833,3.062536208,446.7635121
22.56592733,85.16597762,306.9591453,6.238958363,156.525938
24.42259712,73.21577766,291.7942336,5.270414639,146.1448693
22.31294235,61.84523398,128.0206746,4.260833839,56.7137791
14.88107469,48.70643873,686.5001428,1.307103767,341.0182323
28.06130288,90.17604327,431.6737094,8.866042152,212.1466092
17.01930906,51.39560859,877.9224249,4.497846488,440.5888048
10.60789916,85.32795516,525.888916,1.946225118,266.8303474
26.1368074,55.13079269,971.3740851,3.677593509,476.90384
14.42776699,50.15555435,266.9729641,4.141297525,133.8248709
33.51146461,57.01438285,881.7608512,8.275378956,442.2352647
33.84821443,44.11022993,798.9371675,7.336143806,405.4718228
32.87160976,79.80875041,793.8296602,7.693048936,398.8161465
19.25396751,60.21763121,860.3049053,0.110312644,425.3291837
10.38641541,38.57701561,784.9215918,4.161539982,390.807625
33.20796406,91.96596586,663.5982895,4.813441516,327.5042019
20.70460371,50.71129771,218.1203899,0.191922768,114.0135107
34.16637048,63.48422889,129.2735615,2.598132087,65.50539104
34.09049943,92.51776888,928.763063,7.602898231,474.1912261
31.32523639,69.93903967,654.9852831,1.371097057,327.0991285
17.3612223,29.35184326,816.8835619,5.353101315,406.2388974
19.62744322,95.18656989,533.3701164,2.15201872,256.7503058
31.27841679,70.21664425,205.5773701,0.121207746,93.41423767
17.92305013,46.79244917,212.667213,2.412014576,98.34801225
14.23731867,31.14176581,717.0087585,9.758737549,361.6584036
23.92003156,83.52201514,487.2753054,8.015371119,246.0002544
33.40386935,69.60582047,280.472254,9.595766443,134.1094227
27.40074492,62.67688736,542.4350921,4.878540439,276.2746758
24.25152925,91.51140664,157.7880434,1.097361987,74.54777142
12.42941234,83.0877769,623.7742617,5.47959489,310.8055673
25.37518067,32.13399038,342.094064,4.543773346,180.9477084
34.75134625,44.93776542,817.8031906,8.443570827,416.3027524
13.50210038,39.87913119,379.325763,0.980825808,187.8726469
22.95824131,79.51570341,509.6981342,4.88241137,249.6896272
31.9343268,22.68259478,110.4584859,1.500486647,46.82956622
28.51921544,65.59117479,165.202199,3.246759269,79.22704757
27.42539352,80.99669486,453.2442008,7.373570774,225.733868
27.5621021,90.14125094,531.9449512,4.760181294,260.2377619
18.98727878,47.3665399,640.0184933,3.758882851,319.6351393
17.33979611,85.70058437,362.4963208,3.944762786,179.8703228
30.23402889,28.85053896,725.4836975,4.594467684,364.1173383
30.25283487,87.71618334,874.1101575,7.850165438,434.0145732
31.67680796,30.19909299,801.86589,8.920846889,405.2181139
32.83101381,51.78298324,135.6569428,9.553346865,72.64279625
22.78355997,83.78362926,532.4562525,7.869033863,260.4391122
22.53790737,31.99339419,194.4371606,3.154068957,105.558177
29.95737947,38.34011162,317.8405143,6.881347061,160.8823183
26.24909827,77.78020547,987.9963339,4.376031241,493.7035209
27.54917193,77.60292292,228.2459886,2.54670622,117.0481787
29.89481674,71.29181063,548.9993381,8.408715794,276.772384
32.25013355,75.51587556,656.3401609,0.38426349,332.4618359
18.44987892,63.41795547,732.2184735,9.017619921,368.0224717
19.38957382,40.14392471,603.6838151,4.614774646,299.6344368
12.3495485,47.65567948,108.7937627,6.372014768,56.33097279
24.45700352,34.52781734,393.8151774,6.593539222,193.226975
10.89855684,92.67604491,565.940479,8.951177407,281.759327
21.63995045,66.67134358,179.0798492,6.366696822,89.47754189
23.56611587,52.06811334,415.5642381,6.139335848,207.7226078
17.1635313,56.96046429,129.8827979,0.666520406,63.3003454
24.77083151,95.78266717,170.7206474,5.184080219,74.67584433
10.76250625,32.26811225,457.2309486,1.501690008,225.6350328
10.93370472,66.89838656,219.4441786,7.374337687,109.4096325
30.56501402,60.47109431,610.7867634,5.122219208,307.2500542
19.00476604,68.91633883,720.5184722,6.802277792,354.9359756
13.17651282,21.44881471,820.5280292,0.416729006,416.9211102
23.0560815,89.76991272,280.1352198,0.84792016,133.7234322
29.24983883,94.5694626,250.734324,7.163233881,129.8436055
15.39552569,65.21065469,194.1110563,0.72084336,97.61468847
25.5722619,75.73206591,672.7872246,0.712567278,332.0756121
12.13368662,93.79995049,735.8281538,0.121084752,373.3382195
11.29204303,76.57909075,128.4275303,9.565013983,57.45883358
23.28386579,32.20312343,942.5910216,7.375083595,478.0845288
23.51587804,66.10306881,146.7741553,3.532514085,78.14292641
25.93574754,68.53720371,587.1667018,2.965355813,289.9900356
28.15228334,53.9304537,738.1544675,3.497032297,376.8576724
34.39630199,78.91553885,883.8722114,7.746535312,441.7290334
22.90750871,94.74936118,742.6782389,6.613706111,371.6586116
18.07391182,94.04548103,821.5552748,1.851955679,409.5547548
29.87965487,56.06714971,405.5051733,1.741093353,202.6138696
16.77080628,29.05904367,833.3426024,0.983956497,421.1462623
20.97428552,98.78729592,172.1033617,6.603027197,88.49779367
11.96140953,87.11184692,905.3349905,7.643726622,442.2941293
10.63376859,29.9730145,592.8331385,2.650464283,303.0330895
34.06621037,93.66735061,835.567993,0.20944961,408.23668
30.89950301,89.59170896,507.0864561,0.821716675,257.4806672
27.39935515,61.50704457,679.2199257,9.678600348,346.8437919
20.22382361,67.30203486,573.7623948,2.954447775,280.6745354
14.332358,51.92021631,758.4305696,7.692231478,377.5368846
13.91092607,24.38093111,173.4669838,6.246635689,82.62634176
16.25607245,46.81577933,154.3168756,3.819396397,76.1325302
23.73066662,84.22827589,322.3929106,2.056872622,158.2293113
27.86489807,20.37056184,243.5902121,1.213864182,127.7041433
26.50493442,46.67993374,884.6052099,6.15012968,450.4006714
16.99834742,51.85349549,297.2925886,7.746337806,156.2811409
33.87163202,62.99164824,978.2787302,6.439042535,487.8539143
28.44742292,93.58844931,403.2062126,5.303021332,199.782921
23.85885131,47.70767955,263.9061241,0.419512234,123.6202747
25.29301866,47.75625615,810.7286564,9.684887776,403.4134445
20.49000156,79.00009985,692.836998,7.987141917,350.9391807
16.19327474,56.17743527,548.3761448,2.928220367,281.6620863
18.89931697,37.96838584,599.8271958,9.799703294,295.6933066
28.94615276,56.19516129,747.2816004,6.018815896,371.9670993
10.35983722,31.26856163,305.6092672,5.824226582,153.3100058
12.90181601,34.11095892,996.7005245,7.480731794,500.831848
11.15006605,59.86942182,977.3138459,8.117697881,484.3539805
11.01822006,53.51403596,685.2931177,6.564786073,344.5059415
31.3865146,93.18767209,279.5882058,1.280957464,136.1603655
27.59144648,48.99151193,712.2054182,3.38267506,357.0165518
21.85434573,66.44706802,164.9785681,9.280836403,85.93995373
12.44585402,70.58114303,127.587252,2.246156118,61.99049682
22.29039688,21.04755653,331.9145997,3.721670238,165.6963663
21.83679427,73.08298976,516.3606611,4.320768829,257.0259652
14.33004675,34.24287735,881.4452549,4.394049897,440.8804834
20.84629123,96.8856254,754.4521628,6.129395825,373.8422533
19.96261836,31.89301822,768.4358691,9.430758377,385.2117168
25.39625245,53.1699299,482.944001,2.406927118,249.8277505
25.87734127,26.82797345,411.3414933,1.215013763,209.9646821
11.13260024,99.74994015,433.9348867,1.974704899,212.0107457
19.36531537,60.17560083,988.8846074,8.869249002,498.628677
25.64649789,67.63080139,136.0982723,6.458108127,66.85477003
22.57840646,25.36611819,880.3283465,2.859067892,447.5911448
31.41224603,79.99683763,620.8078677,8.15946939,313.0254214
26.46734079,36.79244745,494.7538773,8.613699964,249.3702796
14.07336068,91.84434316,752.7318944,8.465143387,377.1126794
11.76421869,36.41117124,538.0020473,9.189265336,262.3403593
26.06048196,35.25501765,886.0809143,2.522410202,438.7543991
10.66278276,22.92397343,910.6316776,7.550419287,450.7763772
24.64438953,57.76535561,479.5488342,4.605394973,240.9863827
33.50575604,65.18729066,349.1450175,8.419985529,185.0102919
24.38685445,25.25669115,633.1152957,7.284906772,330.3469808
19.70424816,82.04220934,921.1270111,7.764474465,463.1749703
26.08220546,56.26310678,289.5959701,6.561618377,148.4095963
21.45632226,61.95122155,660.6699252,1.774287695,320.7326026
23.64041973,55.26101976,668.4041981,5.450269189,332.1797749
33.53662022,52.06104487,759.8017202,9.846697395,378.6818906
19.65256595,64.7712265,218.4109166,9.373880665,106.7026917
34.0297641,32.41921967,744.2424682,0.431737358,373.1488779
32.63376605,34.55425044,918.1292686,1.648148157,458.5694751
14.89477837,88.94284968,261.714798,1.317287735,118.2666928
11.73403252,95.68923697,313.7889924,7.2597991,158.4749487
12.51945003,49.8647453,974.2555846,8.177853299,482.1583556
10.45554564,41.65957385,262.8792574,2.135113663,132.0254616
12.36107402,71.51996346,868.946584,5.05852693,443.51552
27.07516934,52.69873369,543.0500708,8.40703028,268.6820987
11.77971621,22.03090845,322.507967,7.328015448,150.1445752
17.97439076,32.49220779,883.6749111,5.422372055,441.6647376
31.12188277,77.27777831,500.7747295,5.903476905,256.3211577
10.58179839,72.71391535,563.3356185,5.083605469,289.8987517
30.36171206,22.1676794,423.3100325,2.975484513,208.0301524
17.04636937,37.75777295,633.6557663,5.650219929,320.2581715
12.95412069,38.48598373,247.1714853,6.888853021,122.0080739
27.41842913,73.75141949,451.973383,8.733229159,226.2578675
25.72357117,21.57684302,972.4710901,6.36291354,502.2233595
31.93680034,28.32868656,332.3200894,7.61121537,161.9446819
28.3767761,83.99328683,691.0629981,1.60071635,345.7583539
30.08702326,34.28357296,392.6710578,4.615574744,200.8916334
17.05086431,72.21968863,796.1258131,0.093316198,401.6046034
14.43598859,39.05462248,217.7862946,2.466788645,109.3672886
28.76536879,27.95531142,972.8389406,7.264617151,490.8914177
30.17086848,39.45377528,508.4105872,9.918099513,255.2750688
34.76262855,77.78135455,312.445417,0.991780996,157.3538945
20.31544192,88.45571745,166.1470726,4.014943159,79.76932187
19.30045214,86.41758917,252.7821146,8.000709687,128.7082244
29.41032402,51.77468237,567.7965537,2.040356346,282.8105947
18.52008851,73.44681093,403.3028588,5.550849493,202.8267696
33.26893314,36.39874363,845.9950293,7.33071296,425.8242993
31.4603188,43.45181842,487.7987713,6.159854503,251.7350488
20.72485068,91.70686548,323.8428453,1.880247346,159.5276453
28.77177669,21.04015388,655.4304879,3.553845687,321.3860207
28.86357185,26.84068247,736.0994952,7.837917845,377.4712617
12.57809672,36.63090041,250.3377171,5.542265141,121.1749147
32.56382267,22.12257631,250.8572947,0.052296135,124.3205283
22.63130931,34.51483481,133.0042842,7.6099076,65.58320636
30.66143665,66.64332488,762.7618136,0.353113549,388.0576974
18.00124003,53.71396405,697.4240749,7.457337827,338.6395597
32.38808071,91.41373689,527.1677882,2.024805602,278.3457191
19.73004197,85.39548494,859.7534041,9.580734801,434.776363
10.27094129,47.34538814,825.1031377,3.679407513,413.0634696
32.63454941,40.75387467,626.818928,3.269316163,315.0146184
12.28216692,50.37539265,881.4441525,1.488880503,441.1570698
17.98284094,67.2235954,285.257089,3.056042155,144.2824694
33.75154918,41.44509127,200.7276575,8.766507618,106.6461085
33.76517867,69.93191263,342.7746504,9.963343376,176.0379384
24.3359472,52.75293218,151.3781705,3.683095305,76.66955582
25.7959303,64.16377447,578.0525752,4.48610631,288.3082211
21.21113805,54.89012233,942.9451231,7.220709382,471.5369447
17.33026929,43.55726076,135.4091866,8.861957805,68.05760735
18.21661363,95.87626456,209.8989226,5.930443342,108.8322486
26.8129614,81.08846353,506.9791255,3.915256982,255.8672707
28.80936324,31.20905406,940.4875158,4.126218408,457.687542
29.78947609,89.47743807,384.5404945,6.956181465,195.4460631
29.74045357,58.99449586,556.5113278,0.032182636,279.260102
12.28015258,91.56417815,137.4155731,6.195893375,66.50322782
22.36050762,83.98842048,233.5088809,3.554930104,113.5594639
11.438969,54.01708036,987.9671107,7.941973313,499.6355565
23.73822206,21.79754467,968.6068268,0.929906398,490.510972
21.03826253,41.49418875,104.4459828,5.882022669,49.56412443
32.19260457,63.33073717,956.6306069,4.809728899,481.3652343
18.77287531,70.67825759,675.207944,6.423255259,332.373714
12.92667541,40.63101483,881.1264651,0.648535945,433.0559657
13.57479205,31.14848593,509.2658701,5.799837874,252.4593714
29.03776579,86.79441894,564.0364257,5.61484588,286.017205
25.45545158,98.75217446,539.9619222,5.606600944,273.475843
12.5280669,62.05521458,700.1778318,6.034876666,352.0113643
12.10267015,33.73434287,225.6861293,6.764679372,117.3450293
27.52422829,41.78458612,126.9762309,8.049889997,68.3421784
11.81907516,21.47125412,377.1369474,2.698207201,186.009052
30.54650148,93.14390452,734.2126865,8.250494102,369.3135097
27.65605568,29.42008663,281.6681069,4.982556823,147.1272137
12.03371952,66.12131804,706.08919,0.770582791,354.8674743
12.12094285,41.92441765,972.9208415,0.585509292,491.6379629
34.66598946,64.3342402,184.5106442,3.342383187,96.71520491
19.35676989,72.11363107,705.3419064,7.848969771,354.3279836
19.26605368,86.3793443,499.3751974,7.076809347,254.0613499
30.31998918,36.51370174,881.3280289,7.886149647,443.3149519
33.68121443,20.87966629,259.4348105,5.172690564,128.6667082
34.6500266,30.95085041,723.363357,4.40198998,363.6642018
28.83445463,92.00149135,854.3037607,1.474525267,422.0056431
19.40648964,89.91120621,950.1527975,3.281927536,469.8019815
12.08751792,67.79304817,714.9232255,4.340193662,355.4261575
29.4286729,68.04134883,547.4572876,0.886004297,269.4845449
23.96010624,73.20293396,656.0625162,2.206119527,325.6685383
20.60555023,34.02970229,882.014486,5.982252941,433.0946902
32.65885963,93.15295567,613.548772,7.356631142,307.9204189
12.77993706,53.50164199,127.3483537,9.983475114,64.27981087
22.31562761,50.65108226,937.853826,9.331133313,466.4067051
10.28384112,61.51341642,720.5740759,6.425651995,362.82111
21.71651605,23.75727734,708.8620472,4.212480533,360.9451581
11.40758189,33.3026695,294.1076372,6.361773647,139.7639987
12.97044791,79.04268931,692.9969232,7.856516181,341.6010513
12.93815617,26.62389343,454.4779651,1.183361909,223.5925641
26.23025755,68.25216876,686.1096793,4.099048897,338.3855513
28.65112198,39.62792877,195.9337273,8.398022856,104.6775582
24.58421913,51.14364912,692.0607741,3.838329519,345.7301617
34.05431371,43.09549894,999.4723532,5.718722712,500.8080034
19.37176449,48.45381732,143.390835,5.877693609,62.36612997
17.14280216,77.52367241,979.4567658,1.844762531,491.1125222
31.7149782,43.76973725,466.2171647,3.622354417,228.6197722
15.58989596,65.31237122,883.6781053,3.345112887,441.1011094
34.08056349,58.08403218,804.1469357,0.261967085,404.0166007
10.30386187,73.09369323,610.3146349,0.241917639,309.3846955
34.24697067,94.94637915,764.6042883,8.316970437,376.0988144
11.0789978,78.60576778,890.6640052,2.7307081,427.9581948
32.27857784,37.19523029,463.7262895,5.180787662,235.1866463
23.19252773,22.4946508,394.3298454,2.987255736,207.95945
34.8241199,40.98112354,700.834047,9.406792451,359.9264696
11.84491412,67.60623446,827.0613477,2.592967589,412.9017442
23.84635711,24.11406508,786.0566213,4.296568127,392.6083758
34.23256339,59.70929978,818.032284,8.727302505,415.2350068
23.0774461,67.74742791,492.0249833,8.419335668,241.749001
25.73496595,46.73951127,836.0507946,1.861014178,421.01591
27.39371722,81.6729763,208.1881498,8.026433098,106.8824352
21.36352662,28.52786025,590.0401882,4.581868867,301.947477
25.688952,26.01102254,105.1827944,4.829688721,68.62397924
24.6078578,78.2551005,392.1272469,1.334799724,196.840694
32.52895026,59.6393053,429.8153814,0.806015138,212.7950054
11.13615951,75.07219171,456.5554224,7.27939307,226.9657246
17.02407974,54.78618709,725.920486,4.964611524,354.0708844
33.7602871,39.71216266,449.7022911,4.368507026,223.6417019
32.2565946,85.52818541,503.8242604,7.295082287,250.2739846
21.39141882,83.95327032,313.7897178,7.65512899,153.7469211
25.50331495,75.57571767,435.9266125,1.589081677,217.8144425
16.93452957,41.77161098,304.5426645,6.102251495,148.9845553
14.70302899,67.21845335,165.8763314,1.353540823,86.92340743
21.59246012,48.87791176,643.103734,7.51375086,322.7710029
18.8338057,27.32656587,701.3915187,6.569551563,352.4802203
24.5914028,93.38508604,657.5413114,9.566146211,326.8342973
11.94336592,30.94549047,517.1446394,0.689580164,259.1332512
34.35987019,96.01898831,441.8072022,0.570547212,223.7782395
34.65526861,55.68046184,877.0002846,2.821870747,435.4103691
